Timestamp,Permanent SKU,Item Number,Storage Location,Item Name,Brand,Category,Size,Color,Pattern,Condition,Realistic Sold Value,Inventory Status,Listing Platforms,Department,Photo Destination Status,White Photo Links,Raw / Reference Photo Links,Vendoo Draft Queue Status,Processing Notes,Cash-Flow Priority Rank,Estimated 90-Day Sell-Through,Expected Days to Sell,Recommended List Price,Fast-Sale Price,Offer Floor,Optimized SEO Title,Listing Status,Missing Information,Date Analyzed,Optimized Description
2026-06-22,A1-MD-0001,1,A1,Nike shorts,Nike,Men's Athletic Shorts,,,,,$12.00,Needs Physical Check,eBay / Poshmark / Mercari / Depop,Not Confirmed,,,,,,,,,$15.00,$12.00,$9.60,Nike Men's Athletic Shorts,,,,Brand: Nike Size: Not Confirmed Color: Not Confirmed Condition: Not Confirmed Features: Men's Athletic Shorts Please review all photos for exact condition and measurements.
2026-06-22,A1-MD-0002,2,A1,Adidas black logo-print capri athletic leggings,Adidas,Women's Athletic Capri Leggings,,Black/White,Solid with logo,Good,$14.00,Needs Physical Check,eBay / Poshmark / Mercari / Depop,Women's Bottoms,,,,,,,,,$17.50,$14.00,$11.20,Adidas Women's Athletic Capri Leggings Black/White,,,,Brand: Adidas Size: Not Confirmed Color: Black/White Condition: Pre-Owned Features: Women's Athletic Capri Leggings Please review all photos for exact condition and measurements.
2026-06-22,A1-MD-0003,3,A1,Columbia Willapa River shorts,Columbia,Men's Outdoor Shorts,,,,,$22.00,Needs Physical Check,eBay / Poshmark / Mercari / Depop,Men's Bottoms,,,,,,12,55%,15–35,$27.99,$18.99,$15.00,Columbia Men's Willapa River Outdoor Fishing Shorts,Needs Measurements,"size, final condition, color, material",2026-07-28,Brand: Columbia Size: Not Confirmed Color: Not Confirmed Condition: Not Confirmed Features: Men's Outdoor Shorts Please review all photos for exact condition and measurements.
2026-06-22,A1-MD-0004,4,A1,Patagonia Baggies shorts,Patagonia,Men's Outdoor Shorts,,,,,$35.00,Sold,eBay / Poshmark / Mercari / Depop,Men's Bottoms,,,,,,5,80%,7–21,$44.99,$29.99,$24.00,Patagonia Men's Baggies Outdoor Shorts,Needs Measurements,"size, final condition, color, material",2026-07-28,Brand: Patagonia Size: Not Confirmed Color: Not Confirmed Condition: Not Confirmed Features: Men's Outdoor Shorts Please review all photos for exact condition and measurements.
2026-06-22,A1-MD-0005,5,A1,Vintage America Blues boyfriend jeans,Vintage America Blues,Women's Boyfriend Jeans,,,,,$18.00,Needs Physical Check,eBay / Poshmark / Mercari / Depop,Women's Bottoms,,,,,,,,,$22.50,$18.00,$14.40,Vintage America Blues Women's Boyfriend Jeans,,,,Brand: Vintage America Blues Size: Not Confirmed Color: Not Confirmed Condition: Not Confirmed Features: Women's Boyfriend Jeans Please review all photos for exact condition and measurements.
2026-06-22,A1-MD-0006,6,A1,Forenza leather jacket,Forenza,Women's Leather Jacket,,,,,$30.00,Needs Physical Check,eBay / Poshmark / Mercari / Depop,Other,,,,,,35,30%,45–90,$44.99,$27.99,$20.00,Forenza Women's Leather Jacket,Needs Measurements,"size, final condition, color, material",2026-07-28,Brand: Forenza Size: Not Confirmed Color: Not Confirmed Condition: Not Confirmed Features: Women's Leather Jacket Please review all photos for exact condition and measurements.
2026-06-22,A1-MD-0007,7,A1,New Balance navy running shorts,New Balance,Men's Running Shorts,,Navy,,,$12.00,Needs Physical Check,eBay / Poshmark / Mercari / Depop,Not Confirmed,,,,,,42,45%,20–45,$15.99,$10.99,$8.00,New Balance Men's Running Shorts Navy,Needs Measurements,"size, final condition, material",2026-07-28,Brand: New Balance Size: Not Confirmed Color: Navy Condition: Not Confirmed Features: Men's Running Shorts Please review all photos for exact condition and measurements.
2026-06-23,A1-MD-0008,8,A1,Lauren Ralph Lauren ribbed lace-up 3/4 sleeve top,Lauren Ralph Lauren,Women's Top,M,Peach,Solid ribbed,Good,$15.00,Needs Photos,eBay / Poshmark / Mercari / Depop,Women's Tops,,,,,,,,,$18.75,$15.00,$12.00,Lauren Ralph Lauren Women's Ribbed Lace-Up 3/4 Sleeve Top M Peach,,,,Brand: Lauren Ralph Lauren Size: M Color: Peach Condition: Pre-Owned Features: Women's Top Please review all photos for exact condition and measurements.
2026-06-23,A1-MD-0009,9,A1,Under Armour HeatGear loose-fit performance polo,Under Armour,Men's Polo Shirt,M,Teal,Heathered,Good,$13.00,Needs Physical Check,eBay / Poshmark / Mercari / Depop,Men's Tops,,,,,,43,45%,20–45,$16.99,$11.99,$9.00,Under Armour Men's HeatGear Loose-Fit Performance Polo M Teal,Needs Measurements,"final condition, material",2026-07-28,Brand: Under Armour Size: M Color: Teal Condition: Pre-Owned Features: Men's Polo Shirt Please review all photos for exact condition and measurements.
2026-06-23,A1-MD-0010,10,A1,Marvel Captain America all-over-print short-sleeve button-up shirt,Marvel,Men's Casual Button-Down Shirt,M,Beige/Red/Blue,Captain America print,Fair (AS IS),8,Needs Photos,eBay / Poshmark / Mercari / Depop,Men's Tops,,,,,,,,,$10.00,$8.00,$6.40,Marvel Men's Captain America Print Short-Sleeve Button-Up Shirt M Beige/Red/Blue,,,,Brand: Marvel Size: M Color: Beige/Red/Blue Condition: Fair / Damaged Features: Men's Casual Button-Down Shirt Please review all photos for exact condition and measurements.
2026-06-23,A1-MD-0011,11,A1,Dockers short-sleeve button-down shirt,Dockers,Men's Casual Button-Down Shirt,M,Dark Navy,Solid,Good,$12.00,Needs Photos,eBay / Poshmark / Mercari / Depop,Men's Tops,,,,,,,,,$15.00,$12.00,$9.60,Dockers Men's Short-Sleeve Button-Down Shirt M Dark Navy,,,,Brand: Dockers Size: M Color: Dark Navy Condition: Pre-Owned Features: Men's Casual Button-Down Shirt Please review all photos for exact condition and measurements.
2026-06-23,A1-MD-0012,12,A1,Stitch Beachwear tropical short-sleeve button-down shirt,Stitch Beachwear,Men's Hawaiian Shirt,L,Cream/Navy/Turquoise,Tropical print,Good,$18.00,Needs Physical Check,eBay / Poshmark / Mercari / Depop,Men's Tops,,,,,,49,40%,25–55,$22.99,$15.99,$13.00,Stitch Beachwear Men's Tropical Short-Sleeve Button-Down Shirt L Cream/Navy/Turq,Needs Measurements,"final condition, material",2026-07-28,Brand: Stitch Beachwear Size: L Color: Cream/Navy/Turquoise Condition: Pre-Owned Features: Men's Hawaiian Shirt Please review all photos for exact condition and measurements.
2026-06-23,A1-MD-0013,13,A1,Callaway Golf Sport short-sleeve polo shirt,Callaway Golf,Men's Golf Polo Shirt,L,White,Solid pique knit,Fair (AS IS),$8.00,Needs Photos,eBay / Poshmark / Mercari / Depop,Men's Tops,,,,,,,,,$10.00,$8.00,$6.40,Callaway Golf Men's Sport Short-Sleeve Polo Shirt L White,,,,Brand: Callaway Golf Size: L Color: White Condition: Fair / Stained Features: Men's Golf Polo Shirt Please review all photos for exact condition and measurements.
2026-06-23,A1-MD-0014,14,A1,Under Armour HeatGear U Golf striped performance polo,Under Armour,Men's Golf Polo Shirt,XL,White/Light Gray,Color-blocked stripes,Good,$22.00,Needs Physical Check,eBay / Poshmark / Mercari / Depop,Men's Tops,,,,,,39,50%,20–45,$27.99,$18.99,$15.00,Under Armour Men's HeatGear U Golf Striped Performance Polo XL White/Light Gray,Needs Measurements,"final condition, material",2026-07-28,Brand: Under Armour Size: XL Color: White/Light Gray Condition: Pre-Owned Features: Men's Golf Polo Shirt Please review all photos for exact condition and measurements.
2026-06-23,A1-MD-0015,15,A1,Abercrombie & Fitch floral super-slim stretch short-sleeve button-up shirt,Abercrombie & Fitch,Men's Casual Button-Down Shirt,S,Dark Navy/Charcoal,Ditsy floral,Good,18,Listed (Poshmark Live),eBay / Poshmark / Mercari / Depop,Men's Tops,,,,,,47,40%,30–60,$25.00,$15.99,$13.00,Abercrombie & Fitch Men's Floral Stretch Short-Sleeve Shirt S Dark Navy/Charcoal,Needs Measurements,"final condition, material",2026-07-28,Brand: Abercrombie & Fitch Size: S Color: Dark Navy/Charcoal Condition: Pre-Owned Features: Men's Casual Button-Down Shirt Please review all photos for exact condition and measurements.
2026-06-23,A1-MD-0016,16,A1,Wrangler Authentic Series 75 plaid short-sleeve button-down shirt,Wrangler,Men's Casual Button-Down Shirt,,Cream/Light Khaki,Plaid,Good,$12.00,Needs Physical Check,eBay / Poshmark / Mercari / Depop,Men's Tops,,,,,,,,,$15.00,$12.00,$9.60,Wrangler Men's Authentic Series 75 Plaid Short-Sleeve Shirt Cream/Light Khaki,,,,Brand: Wrangler Size: Not Confirmed Color: Cream/Light Khaki Condition: Pre-Owned Features: Men's Casual Button-Down Shirt Please review all photos for exact condition and measurements.
2026-06-23,A1-MD-0017,17,A1,Mercedes by Carol black tonal-striped short-sleeve polo shirt,Mercedes by Carol,Men's Polo Shirt,L,Black,Solid with tonal stripes,Good,$12.00,Needs Photos,eBay / Poshmark / Mercari / Depop,Men's Tops,,,,,,,,,$15.00,$12.00,$9.60,Mercedes by Carol Men's Tonal-Striped Short-Sleeve Polo Shirt L Black,,,,Brand: Mercedes by Carol Size: L Color: Black Condition: Pre-Owned Features: Men's Polo Shirt Please review all photos for exact condition and measurements.
2026-06-23,A1-MD-0018,18,A1,Van Heusen Wrinkle Free plaid short-sleeve button-down shirt,Van Heusen,Men's Casual Button-Down Shirt,,Cream/Off-White,Windowpane plaid,Good,$11.00,Needs Physical Check,eBay / Poshmark / Mercari / Depop,Men's Tops,,,,,,,,,$13.75,$11.00,$8.80,Van Heusen Men's Wrinkle Free Plaid Short-Sleeve Button-Down Shirt Cream/Off-Whi,,,,Brand: Van Heusen Size: Not Confirmed Color: Cream/Off-White Condition: Pre-Owned Features: Men's Casual Button-Down Shirt Please review all photos for exact condition and measurements.
2026-06-23,A1-MD-0019,19,A1,Nautica nautical signal-flags front-and-back graphic T-shirt,Nautica,Men's Graphic T-Shirt,XXL,Royal Blue,Solid with graphics,Good,$10.00,Needs Photos,eBay / Poshmark / Mercari / Depop,Men's Tops,,,,,,,,,$12.50,$10.00,$8.00,Nautica Men's Nautical Signal-Flags Graphic T-Shirt XXL Royal Blue,,,,Brand: Nautica Size: XXL Color: Royal Blue Condition: Pre-Owned Features: Men's Graphic T-Shirt Please review all photos for exact condition and measurements.
2026-06-23,A1-MD-0020,20,A1,Daniel Cremieux Signature Collection coral short-sleeve polo,Daniel Cremieux,Men's Golf Polo Shirt,L,Coral,Solid pique knit,Good,$15.00,Listed (Poshmark Live),eBay / Poshmark / Mercari / Depop,Men's Tops,,,,,,,,,$15.00,$15.00,$12.00,Daniel Cremieux Men's Signature Coral Short-Sleeve Polo L Coral,,,,Brand: Daniel Cremieux Size: L Color: Coral Condition: Pre-Owned Features: Men's Golf Polo Shirt Please review all photos for exact condition and measurements.
2026-06-23,A1-MD-0021,21,A1,American Eagle Outfitters Ahh-Mazingly Soft slim-fit green plaid flannel shirt,American Eagle,Women's Flannel Shirt,S,Dark Green/Navy,Tartan plaid,Good,12,Needs Photos,eBay / Poshmark / Mercari / Depop,Women's Tops,,,,,,,,,$15.00,$12.00,$9.60,American Eagle Women's Soft Slim-Fit Green Plaid Flannel Shirt S Dark Green/Navy,,,,Brand: American Eagle Size: S Color: Dark Green/Navy Condition: Pre-Owned Features: Women's Flannel Shirt Please review all photos for exact condition and measurements.
2026-06-24,A1-MD-0022,22,A1,Paper Crane ribbed cropped cardigan and camisole twinset,Paper Crane,Women's Cardigan & Tank Set,M,Rust,Solid ribbed knit,Good,$18.00,Needs Physical Check,eBay / Poshmark / Mercari / Depop,Women's Tops,,,,,,50,45%,25–55,$22.99,$15.99,$13.00,Paper Crane Women's Ribbed Cropped Cardigan & Camisole Twinset M Rust,Needs Measurements,"final condition, material",2026-07-28,Brand: Paper Crane Size: M Color: Rust Condition: Pre-Owned Features: Women's Cardigan & Tank Set Please review all photos for exact condition and measurements.
2026-06-24,A1-MD-0023,23,A1,IZOD New England Oxford striped short-sleeve button-down shirt,IZOD,Men's Casual Button-Down Shirt,L,Light Blue/White,Vertical stripes,Good,$12.00,Needs Photos,eBay / Poshmark / Mercari / Depop,Men's Tops,,,,,,,,,$15.00,$12.00,$9.60,IZOD Men's New England Oxford Striped Short-Sleeve Shirt L Light Blue/White,,,,Brand: IZOD Size: L Color: Light Blue/White Condition: Pre-Owned Features: Men's Casual Button-Down Shirt Please review all photos for exact condition and measurements.
2026-06-24,A1-MD-0024,24,A1,Tommy Hilfiger Custom Fit windowpane plaid long-sleeve button-down shirt,Tommy Hilfiger,Men's Casual Button-Down Shirt,L,Navy/Light Blue,Windowpane plaid,Good,$12.00,Needs Physical Check,eBay / Poshmark / Mercari / Depop,Men's Tops,,,,,,46,35%,35–70,$15.99,$10.99,$8.00,Tommy Hilfiger Men's Custom Fit Plaid Long-Sleeve Shirt L Navy/Light Blue,Needs Measurements,"final condition, material",2026-07-28,Brand: Tommy Hilfiger Size: L Color: Navy/Light Blue Condition: Pre-Owned Features: Men's Casual Button-Down Shirt Please review all photos for exact condition and measurements.
2026-06-24,A1-MD-0025,25,A1,Under Armour ColdGear heather quarter-zip fleece pullover,Under Armour,Men's Quarter-Zip Pullover,XL,Heathered Blue-Gray,Heathered solid,Good,$20.00,Needs Physical Check,eBay / Poshmark / Mercari / Depop,Men's Tops,,,,,,11,60%,20–40,$25.99,$17.99,$14.00,Under Armour Men's ColdGear Heather Quarter-Zip Fleece Pullover XL Heathered Blu,Needs Measurements,"final condition, material",2026-07-28,Brand: Under Armour Size: XL Color: Heathered Blue-Gray Condition: Pre-Owned Features: Men's Quarter-Zip Pullover Please review all photos for exact condition and measurements.
2026-06-24,A1-MD-0026,26,A1,J.Crew red and blue gingham long-sleeve button-down shirt,J.Crew,Men's Casual Button-Down Shirt,L,Red/Blue,Gingham check,Good,14,Needs Photos,eBay / Poshmark / Mercari / Depop,Men's Tops,,,,,,,,,$17.50,$14.00,$11.20,J.Crew Men's Red & Blue Gingham Long-Sleeve Button-Down Shirt L Red/Blue,,,,Brand: J.Crew Size: L Color: Red/Blue Condition: Pre-Owned Features: Men's Casual Button-Down Shirt Please review all photos for exact condition and measurements.
2026-06-24,A1-MD-0027,27,A1,Under Armour white gray and orange mesh racerback athletic tank top,Under Armour,Women's Racerback Tank Top,,White/Light Gray/Orange,Heathered mesh stripe,Good,$10.00,Needs Physical Check,eBay / Poshmark / Mercari / Depop,Women's Tops,,,,,,,,,$12.50,$10.00,$8.00,Under Armour Women's Mesh Racerback Athletic Tank Top White/Light Gray/Orange,,,,Brand: Under Armour Size: Not Confirmed Color: White/Light Gray/Orange Condition: Pre-Owned Features: Women's Racerback Tank Top Please review all photos for exact condition and measurements.
2026-06-24,A1-MD-0028,28,A1,Ariat coral desert landscape agave graphic short-sleeve T-shirt,Ariat,Women's Graphic T-Shirt,M,Coral,Desert landscape graphic,Good,$13.00,Needs Physical Check,eBay / Poshmark / Mercari / Depop,Women's Tops,,,,,,19,55%,15–35,$16.99,$11.99,$9.00,Ariat Women's Desert Landscape Agave Graphic Short-Sleeve T-Shirt M Coral,Needs Measurements,"final condition, material",2026-07-28,Brand: Ariat Size: M Color: Coral Condition: Pre-Owned Features: Women's Graphic T-Shirt Please review all photos for exact condition and measurements.
2026-06-24,A1-MD-0029,29,A1,Under Armour HeatGear Alter Ego Superman loose-fit graphic T-shirt,Under Armour,Men's Graphic T-Shirt,M,Navy Blue/Red,Superman shield graphic,Good,20,Needs Physical Check,eBay / Poshmark / Mercari / Depop,Men's Tops,,,,,,20,65%,10–30,$25.99,$17.99,$14.00,Under Armour Men's HeatGear Alter Ego Superman Graphic T-Shirt M Navy Blue/Red,Needs Measurements,"final condition, material",2026-07-28,Brand: Under Armour Size: M Color: Navy Blue/Red Condition: Pre-Owned Features: Men's Graphic T-Shirt Please review all photos for exact condition and measurements.
2026-06-24,A1-MD-0030,30,A1,St. John's Bay purple embroidered crinkle cotton peasant blouse,St. John's Bay,Women's Peasant Blouse,L,Deep Purple,Floral embroidery,Good,9,Needs Photos,eBay / Poshmark / Mercari / Depop,Women's Tops,,,,,,,,,$11.25,$9.00,$7.20,St. John's Bay Women's Embroidered Crinkle Cotton Peasant Blouse L Deep Purple,,,,Brand: St. John's Bay Size: L Color: Deep Purple Condition: Pre-Owned Features: Women's Peasant Blouse Please review all photos for exact condition and measurements.
2026-06-24,A1-MD-0032,32,A1,Adidas AEROREADY charcoal gray 3-Stripes short-sleeve athletic shirt,Adidas,Men's Athletic T-Shirt,M,Charcoal Gray,Heathered solid with 3-Stripes,Good,$13.00,Needs Physical Check,eBay / Poshmark / Mercari / Depop,Men's Tops,,,,,,40,55%,15–35,$16.99,$11.99,$9.00,Adidas Men's AEROREADY Charcoal 3-Stripes Athletic Shirt M Charcoal Gray,Needs Measurements,"final condition, material",2026-07-28,Brand: Adidas Size: M Color: Charcoal Gray Condition: Pre-Owned Features: Men's Athletic T-Shirt Please review all photos for exact condition and measurements.
2026-06-26,A2-MD-0033,33,A2,Judy Blue light-wash distressed ripped skinny jeans with raw hem,Judy Blue,Distressed Skinny Jeans,9/29,Light blue,Distressed / ripped,Good,$23.00,Needs Photos,eBay / Poshmark / Mercari / Depop,Women's Bottoms,,,,,,,,,$28.75,$23.00,$18.40,,,,,Brand: Judy Blue Size: 46294 Color: Light blue Condition: Good Features: Distressed Skinny Jeans Please review all photos for exact condition and measurements.
2026-06-26,A2-MD-0034,34,A2,Royal blue solid short-sleeve polo shirt,,Men's Polo Shirt,,Royal Blue,Solid,Good,$8.00,Needs Physical Check,eBay / Poshmark / Mercari / Depop,Not Confirmed,,,,,,,,,$10.00,$8.00,$6.40,Royal Blue Solid Short-Sleeve Polo Shirt Royal Blue,,,,Brand: Not Confirmed Size: Not Confirmed Color: Royal Blue Condition: Pre-Owned Features: Men's Polo Shirt Please review all photos for exact condition and measurements.
2026-06-26,A2-MD-0035,35,A2,Lands' End black elastic-waist straight-leg casual pants,Lands' End,Men's Casual Pants,42,Black,Solid,Good,$18.00,Needs Photos,eBay / Poshmark / Mercari / Depop,Men's Bottoms,,,,,,,,,$22.50,$18.00,$14.40,Lands' End Men's Black Elastic-Waist Straight-Leg Casual Pants 42 Black,,,,Brand: Lands' End Size: 42 Color: Black Condition: Pre-Owned Features: Men's Casual Pants Please review all photos for exact condition and measurements.
2026-06-26,A2-MD-0036,36,A2,St. John's Bay pale yellow interlock polo with navy stripe trim,St. John's Bay,Men's Polo Shirt,S,Pale Yellow,Solid with striped trim,Good,$8.00,Needs Photos,eBay / Poshmark / Mercari / Depop,Men's Tops,,,,,,,,,$10.00,$8.00,$6.40,St. John's Bay Men's Pale Yellow Interlock Polo Stripe Trim S Pale Yellow,,,,Brand: St. John's Bay Size: S Color: Pale Yellow Condition: Pre-Owned Features: Men's Polo Shirt Please review all photos for exact condition and measurements.
2026-06-26,A2-MD-0037,37,A2,Brooks Brothers 346 olive green cotton chino pants,Brooks Brothers,Men's Chino Pants,40x30,Olive Green,Solid,Good,$22.00,Needs Physical Check,eBay / Poshmark / Mercari / Depop,Men's Bottoms,,,,,,21,50%,20–45,$27.99,$18.99,$15.00,Brooks Brothers Men's Olive Green Cotton Chino Pants 40x30 Olive Green,Needs Measurements,"final condition, material",2026-07-28,Brand: Brooks Brothers Size: 40x30 Color: Olive Green Condition: Pre-Owned Features: Men's Chino Pants Please review all photos for exact condition and measurements.
2026-06-26,A2-MD-0038,38,A2,Columbia KM5080 black burgundy colorblock nylon windbreaker jacket,Columbia,Men's Windbreaker Jacket,M,Black/Burgundy,Colorblock,Good,$28.00,Needs Physical Check,eBay / Poshmark / Mercari / Depop,Men's Tops,,,,,,16,55%,20–45,$35.99,$24.99,$20.00,Columbia Men's KM5080 Colorblock Nylon Windbreaker Jacket M Black/Burgundy,Needs Measurements,"final condition, material",2026-07-28,Brand: Columbia Size: M Color: Black/Burgundy Condition: Pre-Owned Features: Men's Windbreaker Jacket Please review all photos for exact condition and measurements.
2026-06-26,A2-MD-0039,39,A2,SpaceX lavender-gray organic cotton full-zip hoodie,SpaceX,Men's Full-Zip Hoodie,L,Lavender-Gray,Solid,Good,$35.00,Needs Physical Check,eBay / Poshmark / Mercari / Depop,Not Confirmed,,,,,,30,45%,30–60,$49.99,$31.99,$24.00,SpaceX Men's Lavender-Gray Organic Cotton Full-Zip Hoodie L Lavender-Gray,Needs Research,"final condition, material, photos, authenticity review",2026-07-28,Brand: SpaceX Size: L Color: Lavender-Gray Condition: Pre-Owned Features: Men's Full-Zip Hoodie Please review all photos for exact condition and measurements.
2026-06-26,A2-MD-0040,40,A2,American Eagle white stretch five-pocket jeans,American Eagle,Women's Jeans,31x27.5,White,Solid,Fair (AS IS),$16.00,Needs Photos,eBay / Poshmark / Mercari / Depop,Women's Bottoms,,,,,,,,,$20.00,$16.00,$12.80,American Eagle Women's White Stretch Five-Pocket Jeans 31x27.5 White,,,,Brand: American Eagle Size: 31x27.5 Color: White Condition: Fair Pre-Owned Features: Women's Jeans Please review all photos for exact condition and measurements.
2026-06-26,A2-MD-0042,42,A2,Mondetta Performance + Luxury black straight-leg stretch pants,Mondetta,Women's Active Pants,M,Black,Solid,Good,$16.00,Needs Photos,eBay / Poshmark / Mercari / Depop,Women's Bottoms,,,,,,,,,$20.00,$16.00,$12.80,Mondetta Women's Performance Luxury Black Straight-Leg Pants M Black,,,,Brand: Mondetta Size: M Color: Black Condition: Pre-Owned Features: Women's Active Pants Please review all photos for exact condition and measurements.
2026-06-27,A2-MD-0043,43,A2,Nike Sphere charcoal gray textured mesh V-neck performance shirt,Nike,Men's Athletic T-Shirt,M,Charcoal Gray,Solid textured mesh,Good,$20.00,Needs Physical Check,eBay / Poshmark / Mercari / Depop,Men's Tops,,,,,,25,50%,20–45,$25.99,$17.99,$14.00,Nike Men's Charcoal Textured Mesh V-Neck Performance Shirt M Charcoal Gray,Needs Measurements,"final condition, material",2026-07-28,Brand: Nike Size: M Color: Charcoal Gray Condition: Pre-Owned Features: Men's Athletic T-Shirt Please review all photos for exact condition and measurements.
2026-06-27,A2-MD-0044,44,A2,Levi's faded black denim trucker jacket,Levi's,Men's Denim Trucker Jacket,M,Faded Black,Solid,Good,$29.95,Needs Physical Check,eBay / Poshmark / Mercari / Depop,Other,,,,,,9,65%,15–35,$39.99,$29.99,$23.00,Levi's Men's Faded Black Denim Trucker Jacket Jean Jacket M Faded Black,Needs Photos,"size, final condition, material, photos",2026-07-28,Brand: Levi's Size: M Color: Faded Black Condition: Pre-Owned Features: Men's Denim Trucker Jacket Please review all photos for exact condition and measurements.
2026-06-27,A2-MD-0045,45,A2,Lauren Ralph Lauren navy double-breasted gold-button blazer,Lauren Ralph Lauren,Women's Blazer,20W,Navy Blue,Solid,Good,$30.00,Needs Physical Check,eBay / Poshmark / Mercari / Depop,Other,,,,,,22,45%,25–55,$37.99,$25.99,$21.00,Lauren Ralph Lauren Women's Navy Double-Breasted Gold-Button Blazer 20W Navy Blu,Needs Photos,"final condition, material, photos",2026-07-28,Brand: Lauren Ralph Lauren Size: 20W Color: Navy Blue Condition: Pre-Owned Features: Women's Blazer Please review all photos for exact condition and measurements.
2026-06-27,A2-MD-0046,46,A2,Brooks Brothers orange cotton quarter-zip pullover with striped trim,Brooks Brothers,Quarter-Zip Pullover / Sweatshirt,S,Burnt orange / coral with navy and teal accents,Solid with striped trim,Good,$28.00,Needs Physical Check,eBay / Poshmark / Mercari / Depop,Men's Tops,,,,,,14,50%,20–45,$35.99,$24.99,$20.00,Brooks Brothers Quarter Zip Pullover Men's S Burnt Orange,Needs Measurements,"final condition, material",2026-07-28,Brand: Brooks Brothers Size: S Color: Burnt orange / coral with navy and teal accents Condition: Good Features: Quarter-Zip Pullover / Sweatshirt Please review all photos for exact condition and measurements.
2026-06-27,A2-MD-0047,47,A2,KUT from the Kloth Catherine Boyfriend dark green velveteen pants,KUT from the Kloth,Women's Boyfriend Pants,14,Dark Green,Solid,Good,$24.00,Needs Physical Check,eBay / Poshmark / Mercari / Depop,Women's Bottoms,,,,,,24,45%,25–55,$30.99,$20.99,$17.00,KUT from the Kloth Women's Catherine Boyfriend Velveteen Pants 14 Dark Green,Needs Photos,"final condition, material, photos",2026-07-28,Brand: KUT from the Kloth Size: 14 Color: Dark Green Condition: Pre-Owned Features: Women's Boyfriend Pants Please review all photos for exact condition and measurements.
2026-06-27,A2-MD-0048,48,A2,Nautica white sailing windbreaker jacket with black stripe,Nautica,Men's Windbreaker Jacket / Lightweight Outerwear,XL,White / ivory with black accents,Colorblock / striped,Good,$34.00,Needs Physical Check,eBay / Poshmark / Mercari / Depop,Men's Tops,,,,,,18,45%,25–50,$42.99,$29.99,$24.00,Nautica Sailing Windbreaker Men's XL White Black,Needs Measurements,"final condition, material",2026-07-28,Brand: Nautica Size: XL Color: White / ivory with black accents Condition: Good Features: Men's Windbreaker Jacket / Lightweight Outerwear Please review all photos for exact condition and measurements.
2026-06-27,A2-MD-0049,49,A2,Columbia red plaid stretch long-sleeve shirt with tags,Columbia,Men's Long-Sleeve Button-Up Shirt,XXL,"Red, burgundy, tan, and navy",Plaid,New with tags,32,Needs Photos,eBay / Poshmark / Mercari / Depop,Men's Tops,,,,,,,,,$40.00,$32.00,$25.60,,,,,"Brand: Columbia Size: XXL Color: Red, burgundy, tan, and navy Condition: New with tags Features: Men's Long-Sleeve Button-Up Shirt Please review all photos for exact condition and measurements."
2026-06-27,A2-MD-0050,50,A2,Fabletics men's black utility performance jogger pants,Fabletics,Men's Athletic Jogger / Utility Cargo Pants,L,Black with turquoise accents,Solid,Good,$23.00,Needs Physical Check,eBay / Poshmark / Mercari / Depop,Men's Bottoms,,,,,,7,60%,15–30,$28.99,$19.99,$16.00,Fabletics Utility Performance Jogger Pants Men's L Black,Needs Measurements,"final condition, material",2026-07-28,Brand: Fabletics Size: L Color: Black with turquoise accents Condition: Good Features: Men's Athletic Jogger / Utility Cargo Pants Please review all photos for exact condition and measurements.
2026-06-28,A4-MD-0051,0051,A4,Wrangler Western Shirts teal navy plaid long-sleeve button-up shirt,Wrangler,Men's Plaid Button-Up Shirt,M,Teal/Navy/White,Plaid,Good,13,Ready for Vendoo,eBay / Poshmark / Mercari / Depop,Men's Tops,Poshmark / eBay / Mercari,Men's Tops,,,,,,,$16.25,$13.00,$10.40,Wrangler Men's Plaid Button-Up Shirt M Teal/Navy/White,,,,Brand: Wrangler Size: M Color: Teal/Navy/White Condition: Pre-Owned Features: Men's Plaid Button-Up Shirt Please review all photos for exact condition and measurements.
2026-06-28,A4-MD-0052,0052,A4,Woolrich Rugged Outdoorwear burgundy cotton button-up shirt,Woolrich,Men's Cotton Button-Up Shirt,XL,Burgundy,Solid,Good,$24.00,Needs Physical Check,eBay / Poshmark / Mercari / Depop,Men's Tops,,,,,,31,40%,30–60,$30.99,$20.99,$17.00,Woolrich Men's Cotton Button-Up Shirt XL Burgundy,Needs Measurements,material,2026-07-28,Brand: Woolrich Size: XL Color: Burgundy Condition: Pre-Owned Features: Men's Cotton Button-Up Shirt Please review all photos for exact condition and measurements.
2026-06-30,A4-MD-0053,0053,A4,Field & Stream 1871 plaid lined shirt jacket,Field & Stream,Men's Plaid Lined Shirt Jacket,,Cream/Gray/Navy,Plaid,Good,15,Needs Physical Check,eBay / Poshmark / Mercari / Depop,Men's Tops,Men's Tops,,,,,33,40%,30–60,$18.99,$12.99,$10.00,Field & Stream Men's Plaid Lined Shirt Jacket Cream/Gray/Navy,Needs Measurements,"size, final condition, material",2026-07-28,Brand: Field & Stream Size: Not Confirmed Color: Cream/Gray/Navy Condition: Pre-Owned Features: Men's Plaid Lined Shirt Jacket Please review all photos for exact condition and measurements.
2026-06-28,A4-MD-0054,0054,A4,Brooks Brothers 346 slim-fit non-iron cotton plaid shirt,Brooks Brothers,Men's Plaid Button-Up Shirt,,Light Gray/White,Plaid,,$22.00,Needs Physical Check,eBay / Poshmark / Mercari / Depop,Not Confirmed,,,,,,32,45%,25–55,$27.99,$18.99,$15.00,Brooks Brothers Men's Plaid Button-Up Shirt Light Gray/White,Needs Measurements,"size, final condition, material",2026-07-28,Brand: Brooks Brothers Size: Not Confirmed Color: Light Gray/White Condition: Not Confirmed Features: Men's Plaid Button-Up Shirt Please review all photos for exact condition and measurements.
2026-06-28,A4-MD-0055,0055,A4,DKNY gray blue micro-geometric button-up shirt,DKNY,Men's Patterned Button-Up Shirt,M,Gray/Blue/White,Micro-geometric,,$10.00,Needs Physical Check,eBay / Poshmark / Mercari / Depop,Men's Tops,White photos uploaded to Vendoo import folder,https://drive.google.com/file/d/1WU0J4fsfoaakZNfJT94tBlmLOvkQdkc-/view?usp=drivesdk https://drive.google.com/file/d/1dHxKpl3sNnxl-GBXHak3L8SDFyHDJO9l/view?usp=drivesdk https://drive.google.com/file/d/1gEJ53gu7j1nNvOqAqyrp2nfNGQQ1K2t7/view?usp=drivesdk https://drive.google.com/file/d/1LuizMLEXqs2VIFpThkxEBJCzSIK8Q_8g/view?usp=drivesdk,,Vendoo draft queue updated,Older SKU; added current white-background photos for listing workflow.,45,30%,40–75,$12.99,$9.99,$7.00,DKNY Men's Patterned Button-Up Shirt M Gray/Blue/White,Needs Measurements,"final condition, material",2026-07-28,Brand: DKNY Size: M Color: Gray/Blue/White Condition: Not Confirmed Features: Men's Patterned Button-Up Shirt Please review all photos for exact condition and measurements.
2026-06-28,A4-MD-0056,0056,A4,Eddie Bauer orange cream plaid button-up shirt,Eddie Bauer,Men's Plaid Button-Up Shirt,L,Rust Orange/Cream/Olive,Plaid,,16,Needs Physical Check,eBay / Poshmark / Mercari / Depop,Men's Tops,Poshmark / eBay / Mercari,Men's Tops,,,,44,35%,35–70,$20.99,$13.99,$11.00,Eddie Bauer Men's Plaid Button-Up Shirt L Rust Orange/Cream,Needs Measurements,"final condition, material",2026-07-28,Brand: Eddie Bauer Size: L Color: Rust Orange/Cream/Olive Condition: Not Confirmed Features: Men's Plaid Button-Up Shirt Please review all photos for exact condition and measurements.
2026-06-29,A4-MD-0057,0057,A4,Licensed Superman DC Comics distressed shield graphic T-shirt,Superman,Men's Graphic T-Shirt,M,Navy Blue/Red/Yellow,Distressed Superman shield graphic,Good,$16.00,Needs Photos,eBay / Poshmark / Mercari / Depop,Men's Tops,,,,,,,,,$20.00,$16.00,$12.80,Superman Men's Graphic T-Shirt M Navy Blue/Red/Yellow,,,,Brand: Superman Size: M Color: Navy Blue/Red/Yellow Condition: Pre-Owned Features: Men's Graphic T-Shirt Please review all photos for exact condition and measurements.
2026-06-29,A4-MD-0058,0058,A4,Roundtree & Yorke Luxury Collection striped non-iron button-down shirt,Roundtree & Yorke,Men's Button-Down Shirt,S,White/Navy/Gray,Vertical stripes,,10,Ready for Vendoo,eBay / Poshmark / Mercari / Depop,Men's Tops,Poshmark / eBay / Mercari,Men's Tops,,,,,,,$12.50,$10.00,$8.00,Roundtree & Yorke Men's Button-Down Shirt S White/Navy/Gray,,,,Brand: Roundtree & Yorke Size: S Color: White/Navy/Gray Condition: Not Confirmed Features: Men's Button-Down Shirt Please review all photos for exact condition and measurements.
2026-06-29,A4-MD-0059,0059,A4,Under Armour women's gray short-sleeve athletic blouse/top,Under Armour,Women's Athletic Top,,Heather Gray,Heathered solid,Good,$12.00,Needs Physical Check,eBay / Poshmark / Mercari / Depop,Women's Tops,,,,,,48,40%,30–60,$15.99,$10.99,$8.00,Under Armour Women's Athletic Top Heather Gray,Needs Measurements,"size, material",2026-07-28,Brand: Under Armour Size: Not Confirmed Color: Heather Gray Condition: Pre-Owned Features: Women's Athletic Top Please review all photos for exact condition and measurements.
2026-06-30,A4-MD-0060,0060,A4,Nike Athletics red short-sleeve graphic T-shirt,Nike,Men's Graphic T-Shirt,XL,Red,Solid,Good,,Needs Physical Check,eBay / Poshmark / Mercari / Depop,Men's Tops,,,,,,41,45%,20–45,$19.99,$13.99,$10.00,Nike Men's Graphic T-Shirt XL Red,Needs Measurements,material,2026-07-28,Brand: Nike Size: XL Color: Red Condition: Pre-Owned Features: Men's Graphic T-Shirt Please review all photos for exact condition and measurements.
2026-06-30,A4-MD-0061,0061,A4,Grey's Anatomy by Barco royal blue snap-front scrub jacket,Grey's Anatomy,Women's Scrub Jacket,M,Royal Blue,Solid,Good,$14.00,Needs Physical Check,eBay / Poshmark / Mercari / Depop,Women's Workwear / Scrubs,,,,,,17,65%,14–30,$17.99,$12.99,$10.00,Grey's Anatomy Women's Scrub Jacket M Royal Blue,Needs Measurements,"final condition, material",2026-07-28,Brand: Grey's Anatomy Size: M Color: Royal Blue Condition: Pre-Owned Features: Women's Scrub Jacket Please review all photos for exact condition and measurements.
2026-06-30,A4-MD-0062,0062,A4,Nike cream sherpa fleece — label attachment must be verified,Nike,Men's Sherpa Fleece Jacket,,Cream,,Good,$30.00,Needs Physical Check,eBay / Poshmark / Mercari / Depop,Not Confirmed,,,,,,29,35%,40–75,$44.99,$27.99,$20.00,Nike Men's Sherpa Fleece Jacket Cream,Needs Research,"size, brand, final condition, material, Nike label attachment",2026-07-28,Brand: Nike Size: Not Confirmed Color: Cream Condition: Pre-Owned Features: Men's Sherpa Fleece Jacket Please review all photos for exact condition and measurements.
2026-06-30,A4-MD-0063,0063,A4,GAP black utility/tech jacket,GAP,Men's Utility Jacket,,Black,,Good,$30.00,Needs Physical Check,eBay / Poshmark / Mercari / Depop,Not Confirmed,,,,,,28,40%,30–60,$39.99,$26.99,$20.00,GAP Men's Utility Jacket Black,Needs Measurements,"size, final condition, material",2026-07-28,Brand: GAP Size: Not Confirmed Color: Black Condition: Pre-Owned Features: Men's Utility Jacket Please review all photos for exact condition and measurements.
2026-07-03,A4-MD-0064,0064,A4,Navy multicolor floral wrap romper / jumpsuit,,Women's Romper,M,Navy/Pink/Red,Floral,Good,$18.00,Needs Photos,eBay / Poshmark / Mercari / Depop,Women's One-Piece / Dresses,Image Url Address,,,,,,,,$22.50,$18.00,$14.40,Navy Multicolor Floral Wrap Romper Jumpsuit M Navy/Pink/Red,,,,Brand: Not Confirmed Size: M Color: Navy/Pink/Red Condition: Pre-Owned Features: Women's Romper Please review all photos for exact condition and measurements.
2026-07-03,A4-MD-0065,0065,A4,Levi's white denim jeans,Levi's,Men's Jeans,31x30,White,Solid,Good,$22.00,Needs Physical Check,eBay / Poshmark / Mercari / Depop,Not Confirmed,Image Url Address,,,,,23,55%,18–40,$27.99,$18.99,$15.00,Levi's Men's Jeans 31x30 White,Needs Measurements,"size, final condition, material",2026-07-28,Brand: Levi's Size: 31x30 Color: White Condition: Pre-Owned Features: Men's Jeans Please review all photos for exact condition and measurements.
2026-07-03,A4-MD-0066,0066,A4,Art Class red floral smocked long-sleeve top,Art Class,Girls' Smocked Blouse,XL,Red/White/Yellow,Ditsy floral,Good,$12.00,Needs Photos,eBay / Poshmark / Mercari / Depop,Girls' Tops,Image Url Address,,,,,,,,$15.00,$12.00,$9.60,Art Class Girls' Smocked Blouse XL Red/White/Yellow,,,,Brand: Art Class Size: XL Color: Red/White/Yellow Condition: Pre-Owned Features: Girls' Smocked Blouse Please review all photos for exact condition and measurements.
2026-07-03,A4-MD-0067,0067,A4,Xhilaration navy striped lace-sleeve blouse,Xhilaration,Women's Blouse,S,Navy/White,Horizontal stripes,Good,$10.00,Needs Photos,eBay / Poshmark / Mercari / Depop,Women's Tops,Image Url Address,,,,,,,,$12.50,$10.00,$8.00,Xhilaration Women's Blouse S Navy/White,,,,Brand: Xhilaration Size: S Color: Navy/White Condition: Pre-Owned Features: Women's Blouse Please review all photos for exact condition and measurements.
2026-07-03,A4-MD-0068,0068,A4,American Eagle gray heather long-sleeve crewneck shirt,American Eagle,Men's Long-Sleeve T-Shirt,M,Heather Gray,Heathered solid,Good,$13.00,Needs Photos,eBay / Poshmark / Mercari / Depop,Men's Tops,Image Url Address,,,,,,,,$16.25,$13.00,$10.40,American Eagle Men's Long-Sleeve T-Shirt M Heather Gray,,,,Brand: American Eagle Size: M Color: Heather Gray Condition: Pre-Owned Features: Men's Long-Sleeve T-Shirt Please review all photos for exact condition and measurements.
2026-07-03,A4-MD-0069,0069,A4,Old Navy red eyelet lace long-sleeve blouse,Old Navy,Women's Eyelet Blouse,L,Red,Eyelet floral lace,Good,$14.00,Needs Photos,eBay / Poshmark / Mercari / Depop,Women's Tops,,,,,,,,,$17.50,$14.00,$11.20,Old Navy Women's Eyelet Blouse L Red,,,,Brand: Old Navy Size: L Color: Red Condition: Pre-Owned Features: Women's Eyelet Blouse Please review all photos for exact condition and measurements.
2026-07-03,A4-MD-0070,0070,A4,Sonoma gray striped open-front cardigan,Sonoma,Women's Cardigan Sweater,S,Gray/White,Horizontal stripes,Good,$14.00,Needs Photos,eBay / Poshmark / Mercari / Depop,Women's Tops,,,,,,,,,$17.50,$14.00,$11.20,Sonoma Women's Cardigan Sweater S Gray/White,,,,Brand: Sonoma Size: S Color: Gray/White Condition: Pre-Owned Features: Women's Cardigan Sweater Please review all photos for exact condition and measurements.
2026-07-03,A4-MD-0071,0071,A4,Calvin Klein Performance black long-sleeve turtleneck top,Calvin Klein,Women's Athletic Turtleneck,L,Black,Solid,Good,$18.00,Needs Photos,eBay / Poshmark / Mercari / Depop,Women's Tops,,,,,,,,,$22.50,$18.00,$14.40,Calvin Klein Women's Athletic Turtleneck L Black,,,,Brand: Calvin Klein Size: L Color: Black Condition: Pre-Owned Features: Women's Athletic Turtleneck Please review all photos for exact condition and measurements.
2026-07-03,A4-MD-0072,0072,A4,Mossimo Supply Co black white striped short-sleeve knit dress,Mossimo,Women's Casual Knit Dress,S,Black/White,Horizontal stripes,Good,$12.00,Needs Photos,eBay / Poshmark / Mercari / Depop,Women's Dresses,,,,,,,,,$15.00,$12.00,$9.60,Mossimo Women's Casual Knit Dress S Black/White,,,,Brand: Mossimo Size: S Color: Black/White Condition: Pre-Owned Features: Women's Casual Knit Dress Please review all photos for exact condition and measurements.
2026-07-03,A4-MD-0073,0073,A4,American Eagle tan stretch skinny pants / chinos,American Eagle,Women's Casual Pants,6,Tan,Solid,Good,$16.00,Needs Photos,eBay / Poshmark / Mercari / Depop,Women's Bottoms,,,,,,,,,$20.00,$16.00,$12.80,American Eagle Women's Casual Pants 6 Tan,,,,Brand: American Eagle Size: 6 Color: Tan Condition: Pre-Owned Features: Women's Casual Pants Please review all photos for exact condition and measurements.
2026-07-03,A4-MD-0074,0074,A4,Lucky Brand white gray raglan long-sleeve top,Lucky Brand,Women's Long-Sleeve Top,M,White/Heather Gray,Colorblock,Good,$14.00,Needs Photos,eBay / Poshmark / Mercari / Depop,Women's Tops,,,,,,,,,$17.50,$14.00,$11.20,Lucky Brand Women's Long-Sleeve Top M White/Heather Gray,,,,Brand: Lucky Brand Size: M Color: White/Heather Gray Condition: Pre-Owned Features: Women's Long-Sleeve Top Please review all photos for exact condition and measurements.
2026-07-03,A4-MD-0075,0075,A4,White textured eyelash open-front cardigan,,Women's Open-Front Cardigan,S,White,Textured eyelash,Good,$15.00,Needs Photos,eBay / Poshmark / Mercari / Depop,Women's Tops,,,,,,,,,$18.75,$15.00,$12.00,White Textured Eyelash Open-Front Cardigan S White,,,,Brand: Not Confirmed Size: S Color: White Condition: Pre-Owned Features: Women's Open-Front Cardigan Please review all photos for exact condition and measurements.
2026-07-03,A4-MD-0076,0076,A4,Focus 2000 Collection gray pinstripe dress pants,Focus 2000,Women's Dress Pants,6,Gray,Pinstripe,Good,$14.00,Needs Photos,eBay / Poshmark / Mercari / Depop,Women's Bottoms,,,,,,,,,$17.50,$14.00,$11.20,Focus 2000 Women's Dress Pants 6 Gray,,,,Brand: Focus 2000 Size: 6 Color: Gray Condition: Pre-Owned Features: Women's Dress Pants Please review all photos for exact condition and measurements.
2026-07-03,A4-MD-0077,0077,A4,Perceptions New York black white abstract print dress,Perceptions,Women's Printed Dress,6,Black/White,Abstract geometric,Good,$18.00,Needs Photos,eBay / Poshmark / Mercari / Depop,Women's Dresses,,,,,,,,,$22.50,$18.00,$14.40,Perceptions Women's Printed Dress 6 Black/White,,,,Brand: Perceptions Size: 6 Color: Black/White Condition: Pre-Owned Features: Women's Printed Dress Please review all photos for exact condition and measurements.
2026-07-03,A4-MD-0078,0078,A4,Dark indigo denim long-sleeve button-up shirt,,Men's Denim Button-Up Shirt,,Dark Indigo Blue,Solid denim,Good,$18.00,Needs Physical Check,eBay / Poshmark / Mercari / Depop,Not Confirmed,,,,,,,,,$22.50,$18.00,$14.40,Dark Indigo Blue Men's Denim Button-Up Shirt Dark Indigo Blue,,,,Brand: Not Confirmed Size: Not Confirmed Color: Dark Indigo Blue Condition: Pre-Owned Features: Men's Denim Button-Up Shirt Please review all photos for exact condition and measurements.
2026-07-03,A4-MD-0079,0079,A4,Black gray striped long-sleeve tunic top,,Women's Long-Sleeve Tunic,M,Black/Charcoal Gray,Horizontal stripes,Good,$12.00,Needs Photos,eBay / Poshmark / Mercari / Depop,Women's Tops,,,,,,,,,$15.00,$12.00,$9.60,Black Charcoal Gray Women's Long-Sleeve Tunic M Black/Charcoal Gray,,,,Brand: Not Confirmed Size: M Color: Black/Charcoal Gray Condition: Pre-Owned Features: Women's Long-Sleeve Tunic Please review all photos for exact condition and measurements.
2026-07-03,A4-MD-0080,0080,A4,Worthington red paisley sleeveless blouse,Worthington,Women's Sleeveless Blouse,M,Red/Black/White,Paisley,Good,$13.00,Needs Photos,eBay / Poshmark / Mercari / Depop,Women's Tops,,,,,,,,,$16.25,$13.00,$10.40,Worthington Women's Sleeveless Blouse M Red/Black/White,,,,Brand: Worthington Size: M Color: Red/Black/White Condition: Pre-Owned Features: Women's Sleeveless Blouse Please review all photos for exact condition and measurements.
